HCHO_Amount,Present_Date
8.829725542537962e-05,2019-01-01
0.0001370787402778,2019-01-02
0.0001480085027113,2019-01-03
0.0002489134742856,2019-01-05
0.0001015583300177,2019-01-06
0.000191905666819,2019-01-07
0.0001215500456138,2019-01-08
9.741700467262771e-05,2019-01-09
0.0001130342628012,2019-01-10
7.047632943988818e-05,2019-01-11
0.0001691712548577,2019-01-12
8.792493954777681e-05,2019-01-15
6.834336052834083e-05,2019-01-16
0.0001380624797849,2019-01-17
0.0001738223309452,2019-01-18
9.75617828184706e-05,2019-01-20
0.0001959789194475,2019-01-21
0.0002374446632005,2019-01-22
0.0001623734482581,2019-01-23
0.0003623356418718,2019-01-24
0.0001278521652785,2019-01-25
0.0001660436439104,2019-01-26
0.0001499965666254,2019-01-27
0.0001080499254242,2019-01-28
0.0001158141900096,2019-01-29
0.0001113523173507,2019-01-30
2.449285979142846e-05,2019-01-31
0.0001926267275908,2019-02-01
4.824408500716178e-05,2019-02-02
0.0001913403998944,2019-02-06
0.0002947662047032,2019-02-07
0.0002970068599097,2019-02-08
7.523556172334847e-05,2019-02-10
0.0001297080667525,2019-02-11
6.270259499786078e-05,2019-02-12
8.990000185560485e-05,2019-02-13
7.931416535107657e-05,2019-02-14
6.0740207710781725e-05,2019-02-15
0.0001501712095351,2019-02-17
0.0002017258506288,2019-02-18
0.0002586245505792,2019-02-19
8.79509593267587e-05,2019-02-20
0.0001464546481548,2019-02-21
0.0001375125401253,2019-02-22
0.0002361983539606,2019-02-24
8.145316466296842e-05,2019-02-25
0.0001796735993672,2019-02-26
0.0002322736580558,2019-02-27
0.0002262031094414,2019-03-02
0.0001259866889363,2019-03-03
0.0001714544313468,2019-03-04
0.0001342028527037,2019-03-05
0.0001580027758568,2019-03-06
0.0001892068657825,2019-03-07
0.0001039425656943,2019-03-08
0.0001568034910526,2019-03-10
0.0002545370341487,2019-03-11
0.0001662309292288,2019-03-12
0.0003549058798361,2019-03-13
0.000265097141989,2019-03-14
0.0002519274524677,2019-03-15
0.0001508674249008,2019-03-16
0.0001988515444004,2019-03-17
0.0001031316549134,2019-03-18
0.0002291439663551,2019-03-19
0.0002245213685455,2019-03-20
0.0002345326298606,2019-03-22
0.0002848332356072,2019-03-23
0.0001985107134155,2019-03-24
0.0001921681911026,2019-03-25
0.0002917578396021,2019-03-26
0.0002076575167296,2019-03-28
0.0003537468371026,2019-03-29
0.0003155841150722,2019-03-30
0.0002005128354287,2019-03-31
0.0001913736846052,2019-04-01
0.0002292592673599,2019-04-02
0.0001856483874482,2019-04-03
0.0001997694690952,2019-04-04
0.0001986475720932,2019-04-05
0.0002038335707743,2019-04-06
0.0002632298358881,2019-04-07
0.0002901479325215,2019-04-08
0.0001645179947213,2019-04-09
0.0001457744638877,2019-04-10
0.00023470977033,2019-04-12
0.0002282964378382,2019-04-13
0.0002162962247226,2019-04-18
0.0002595917978659,2019-04-19
0.0001301541911352,2019-04-21
0.0001844679986247,2019-04-22
0.0002139409536759,2019-04-23
0.0001655682962151,2019-04-24
0.0001514479517936,2019-04-26
0.0001933094048709,2019-04-28
0.0001575081949626,2019-05-01
0.0001803331106202,2019-05-02
0.0002185603449485,2019-05-04
8.02505700569093e-05,2019-05-05
0.0001420565734228,2019-05-06
0.0001650123219606,2019-05-07
0.0001460277152315,2019-05-08
0.0001493288295852,2019-05-09
0.0002057718166517,2019-05-10
0.0001641032775009,2019-05-11
0.0001183245679523,2019-05-12
0.000132961175467,2019-05-13
7.061668788806564e-05,2019-05-14
0.0001099983599625,2019-05-15
0.00014039193757,2019-05-16
9.796423680909052e-05,2019-05-17
0.0001672252690382,2019-05-18
0.0001708734532433,2019-05-19
0.0001702025749611,2019-05-20
8.681519324789669e-05,2019-05-21
0.0001317915208436,2019-05-23
0.0001478469051026,2019-05-24
5.233601288103446e-05,2019-05-25
6.244214568722449e-05,2019-05-26
0.0001554720535695,2019-05-27
0.0001478338478629,2019-05-28
0.0002594716110907,2019-05-29
0.0001839537987904,2019-05-30
0.0001362219972734,2019-05-31
0.00029028932252,2019-06-01
8.689925325647776e-05,2019-06-02
5.326767952292086e-05,2019-06-03
0.0001831308562142,2019-06-05
0.0001107527266757,2019-06-06
0.0001016282390748,2019-06-08
0.0001031225757099,2019-06-09
7.052022641624787e-05,2019-06-10
7.641586794332751e-05,2019-06-12
9.911230747740838e-05,2019-06-13
4.476508603528659e-05,2019-06-14
8.874790674644237e-05,2019-06-15
0.0001036898047182,2019-06-16
6.254904112252405e-05,2019-06-17
4.044776585398717e-05,2019-06-18
8.137699574065275e-05,2019-06-19
6.486313851680483e-05,2019-06-20
6.276923714177916e-05,2019-06-22
3.975250153742814e-06,2019-06-23
2.350395803767515e-05,2019-06-24
9.21571666151843e-05,2019-06-27
6.881439911210648e-05,2019-06-28
4.0286492569713336e-05,2019-06-29
9.635928192938444e-05,2019-06-30
0.0001139054980655,2019-07-01
9.606986007138548e-05,2019-07-03
0.0001960435483633,2019-07-04
0.0001459304130623,2019-07-05
0.0001095716652343,2019-07-06
8.79497175326613e-05,2019-07-07
9.495055021976353e-05,2019-07-08
5.126272274868695e-05,2019-07-09
0.0001034305735962,2019-07-11
0.0001479718659731,2019-07-12
0.0001180037843603,2019-07-14
6.381705256895567e-05,2019-07-16
0.0001185178480227,2019-07-20
6.974881398491561e-05,2019-07-21
0.0001310857688385,2019-07-24
0.0002642736307096,2019-07-26
0.0001146819336316,2019-07-27
5.229923836426427e-05,2019-07-28
0.0001509563424204,2019-07-29
6.217228796589053e-05,2019-07-30
0.0002305019175293,2019-07-31
0.0001395386754656,2019-08-01
7.318949563755295e-05,2019-08-03
0.0001355912774878,2019-08-04
0.0001834443391999,2019-08-06
0.0001614629767598,2019-08-07
9.992599379822794e-06,2019-08-09
0.0001875035522971,2019-08-12
0.000124756102564,2019-08-14
0.000145433951862,2019-08-15
9.525990797175922e-05,2019-08-16
0.0001130942443264,2019-08-18
0.0001739739424623,2019-08-19
5.130698373615829e-06,2019-08-20
0.0001135170721962,2019-08-27
0.0001104637713985,2019-08-29
2.6577396711990975e-05,2019-08-30
6.707956752554541e-05,2019-08-31
8.918204765018657e-05,2019-09-01
6.655727948340817e-05,2019-09-04
5.719395261656927e-05,2019-09-07
8.98148777864881e-05,2019-09-08
0.0001340254792386,2019-09-09
0.0001160963242857,2019-09-10
5.674733620253392e-05,2019-09-18
6.506322566497633e-05,2019-09-19
9.24937068696125e-05,2019-09-21
1.810667997470515e-05,2019-09-22
0.0001749232296563,2019-09-24
3.371025041083115e-05,2019-09-27
8.70373120955856e-05,2019-09-29
0.0001454748162583,2019-09-30
6.443466264349476e-05,2019-10-01
0.0001077302567442,2019-10-02
0.0002009898888507,2019-10-04
0.000258893463331,2019-10-05
6.019926816415872e-05,2019-10-07
6.614159004638946e-05,2019-10-08
0.0001017636188686,2019-10-09
0.0001660576512546,2019-10-10
0.0001060791429448,2019-10-14
0.0002140748191416,2019-10-15
7.891319694176466e-05,2019-10-17
0.0002509312842807,2019-10-18
0.0001063504532794,2019-10-31
0.0001774768347211,2019-11-01
0.0001886189110071,2019-11-02
0.0001277877985303,2019-11-04
0.0001843718009165,2019-11-05
0.0002056428348669,2019-11-06
0.0001941913470078,2019-11-07
7.824492713224594e-05,2019-11-08
8.715247531654315e-05,2019-11-09
0.0002539444945964,2019-11-10
0.0002041940019707,2019-11-11
0.0002165750668733,2019-11-12
6.125360635138347e-05,2019-11-13
6.395247983865537e-05,2019-11-14
8.065719083391174e-05,2019-11-15
8.94978263108342e-05,2019-11-17
0.000156017211736,2019-11-18
0.0001896863889985,2019-11-19
3.38817601245183e-05,2019-11-20
6.691197564337526e-05,2019-11-21
0.0001221743195979,2019-11-26
0.0001188412187438,2019-11-27
0.0002465931135161,2019-12-01
0.0001473769337308,2019-12-03
8.37378805377434e-05,2019-12-06
0.0001002804645766,2019-12-12
0.0001610297559171,2019-12-13
0.0001960549510717,2019-12-14
0.0001172906521365,2019-12-15
3.628711080527792e-05,2019-12-16
4.793732083930929e-05,2019-12-21
7.627636617631086e-05,2019-12-23
0.0001072019777463,2019-12-24
9.045389003546796e-05,2019-12-26
0.0001642742874337,2019-12-27
0.0001805844588422,2019-12-28
0.000103876101852,2019-12-29
2.646772181227735e-05,2019-12-30
0.0001807247238951,2019-12-31
9.633496020854536e-05,2020-01-01
0.0001126936081057,2020-01-02
0.0002053645654037,2020-01-03
0.0001507927537975,2020-01-04
0.0003289062851294,2020-01-05
0.0001116605357003,2020-01-06
7.794366560654974e-05,2020-01-07
0.0001076805150194,2020-01-08
4.1062830019023464e-05,2020-01-09
0.0001611926137142,2020-01-10
1.874852305276349e-05,2020-01-12
0.000148542685889,2020-01-13
0.00017475335171,2020-01-14
0.0003007535762718,2020-01-15
0.0001351455223032,2020-01-16
2.6839902862685936e-05,2020-01-18
0.0001419667766806,2020-01-19
0.0001131715883095,2020-01-20
0.0001751888361625,2020-01-21
0.0001981369377604,2020-01-24
1.7303302644902497e-05,2020-01-25
0.0001756975661421,2020-01-26
0.0001387031517931,2020-01-27
0.0002198885377213,2020-01-28
5.969327432907513e-05,2020-01-29
0.0001501551933796,2020-01-30
0.0002217975041786,2020-01-31
0.0001376647346662,2020-02-01
0.0001091789176545,2020-02-02
0.0001386974365415,2020-02-03
0.0003348459427343,2020-02-04
0.0002222889455135,2020-02-05
0.0002871197162383,2020-02-06
0.0002009660498433,2020-02-07
0.000207676756615,2020-02-08
0.0001468296748677,2020-02-09
0.0002010711163343,2020-02-10
0.0001898902298442,2020-02-11
7.648226906644275e-05,2020-02-13
0.0001065981050487,2020-02-14
0.0002655561084769,2020-02-15
0.0001622676483622,2020-02-16
0.0002263362982321,2020-02-17
8.459391919798319e-05,2020-02-18
0.0001113597130089,2020-02-19
0.0002048219876873,2020-02-20
0.0001863516307574,2020-02-23
6.759116487426295e-05,2020-02-24
7.135234672442683e-05,2020-02-25
0.0002949805391025,2020-02-26
0.0001852784942621,2020-02-27
0.0001161346235688,2020-02-28
0.0002430095316196,2020-02-29
0.000207375169491,2020-03-01
0.0001779813217599,2020-03-03
0.0001951639008502,2020-03-07
0.0002944688357918,2020-03-08
0.0001498565087293,2020-03-09
0.0001391567594588,2020-03-10
0.0002964918957615,2020-03-11
0.0001226939272128,2020-03-12
0.0002928554342565,2020-03-13
0.0002728822591643,2020-03-14
0.0001636816705774,2020-03-15
0.0001205975738293,2020-03-16
0.0001721821317441,2020-03-17
0.0003068139574601,2020-03-18
0.0003247910023535,2020-03-19
0.0002492809738451,2020-03-20
0.0002272133922326,2020-03-21
0.0001005712979816,2020-03-22
0.0002825151466826,2020-03-23
0.0002675676277252,2020-03-24
0.0001898647932688,2020-03-25
0.0002208741864401,2020-03-26
0.0002256953061847,2020-03-27
0.0002742638717685,2020-03-28
0.0001869650921015,2020-03-29
0.000246601869607,2020-03-30
0.0001302091970911,2020-03-31
0.0002447711209357,2020-04-01
0.0002865056029564,2020-04-02
0.0001977670343773,2020-04-03
0.0001997404435534,2020-04-05
0.0002376734070818,2020-04-06
8.796430336922265e-05,2020-04-07
0.0002542451790271,2020-04-08
0.0002598007759578,2020-04-09
0.0002245457994364,2020-04-10
8.052203793087965e-05,2020-04-11
0.0001731175245338,2020-04-12
0.0001662001801846,2020-04-13
3.486284620866045e-05,2020-04-14
0.0002678949908063,2020-04-15
0.000123890316895,2020-04-16
0.0002324056340202,2020-04-18
0.0003714042928062,2020-04-19
0.0001475444891321,2020-04-20
0.000175335671632,2020-04-21
0.0001240932385939,2020-04-23
8.227304672291775e-05,2020-04-25
0.0002546782381673,2020-04-26
0.0001041445564279,2020-04-27
0.0002610728492226,2020-04-28
0.000188795514088,2020-04-29
0.0002113822435954,2020-04-30
0.000137842715788,2020-05-02
0.0001706958401754,2020-05-03
0.0002513358555712,2020-05-04
0.0002260526674694,2020-05-05
0.000209638022024,2020-05-07
0.000181374691449,2020-05-08
0.0001614477388997,2020-05-09
0.0001508955126105,2020-05-10
3.5199528618012745e-05,2020-05-12
0.0003179761014191,2020-05-14
0.0001033480740311,2020-05-20
8.66147763902677e-05,2020-05-22
4.228610866280257e-05,2020-05-23
7.186250182094797e-05,2020-05-24
9.830472381415306e-05,2020-05-26
7.762061057351947e-05,2020-05-27
0.0001257760228067,2020-05-28
8.280047277191155e-05,2020-05-29
0.0001363006705701,2020-05-30
3.3024332557775786e-05,2020-05-31
0.0001249483113619,2020-06-01
0.0001521028367524,2020-06-02
0.00018557282287,2020-06-03
0.0001579337322207,2020-06-04
3.4631129143470136e-05,2020-06-05
0.0001358092247917,2020-06-07
3.850659401201024e-05,2020-06-09
9.354616622227176e-05,2020-06-12
6.157871104885207e-05,2020-06-13
0.0001264302945275,2020-06-14
0.0001459403152496,2020-06-15
9.493949738530122e-05,2020-06-18
0.0001364001245971,2020-06-19
0.0001352342737809,2020-06-20
8.434132867284016e-05,2020-06-22
6.61390923989288e-05,2020-06-24
5.455612209385369e-05,2020-06-26
0.0001220633557067,2020-06-27
4.474011215749518e-05,2020-06-28
0.0001088996022513,2020-06-29
9.725416997424108e-05,2020-06-30
9.340914470811852e-05,2020-07-01
8.337834206299028e-05,2020-07-02
2.4848871056950524e-05,2020-07-04
5.4773171851528646e-05,2020-07-05
6.637392852224384e-05,2020-07-06
7.653515733241891e-05,2020-07-07
0.0001795866349082,2020-07-08
0.0001715035323738,2020-07-09
0.000134579887995,2020-07-11
0.0001692792500138,2020-07-12
0.0001736016456568,2020-07-13
6.97088100830517e-05,2020-07-14
0.0001421662877053,2020-07-15
6.01513546915964e-05,2020-07-17
0.0001219443554417,2020-07-18
3.638074435609476e-05,2020-07-19
0.0001192174470892,2020-07-21
0.0001306206172131,2020-07-23
9.078126382696591e-05,2020-07-24
4.451502214499799e-05,2020-07-31
7.168660197888128e-05,2020-08-01
0.0002127391498214,2020-08-07
3.693764780972165e-05,2020-08-12
6.33307905034134e-05,2020-08-13
4.508168997927766e-05,2020-08-14
0.0001654410496971,2020-08-16
6.553214872317303e-05,2020-08-17
5.526428147442379e-05,2020-08-18
0.0001012003282957,2020-08-19
0.000233488058173,2020-08-20
8.79050986462927e-05,2020-08-21
0.0001977460706113,2020-08-22
8.645279245932276e-05,2020-08-23
0.0001451829472903,2020-08-24
0.0001963307554549,2020-08-25
0.0003277817590666,2020-08-26
0.0001573129091178,2020-08-27
0.0001796798174971,2020-08-28
0.0001069164230085,2020-08-29
0.0001938236721495,2020-08-30
1.558602033413695e-05,2020-08-31
0.0001097992299165,2020-09-04
0.0001099063664426,2020-09-10
8.375414925005387e-05,2020-09-26
8.951256664894232e-05,2020-09-27
8.52848798552421e-05,2020-10-01
0.0001269416798709,2020-10-02
9.192366634572488e-05,2020-10-04
3.818502914891537e-05,2020-10-05
8.833716378303744e-05,2020-10-06
0.0001805611837692,2020-10-08
3.625645404140589e-05,2020-10-10
6.126548652085793e-05,2020-10-16
0.0002351778450331,2020-10-17
9.813219954829892e-05,2020-10-18
0.000112216032194,2020-10-19
4.443809317997448e-05,2020-10-20
0.0001203683826308,2020-10-22
4.343042297767753e-05,2020-10-23
0.0001448153327406,2020-10-24
0.000154827384897,2020-10-25
0.0002059672140315,2020-10-26
0.0001844949639388,2020-10-28
0.0001656833973718,2020-10-29
0.0003536823742357,2020-10-30
0.0001059999273467,2020-10-31
9.802497789395878e-05,2020-11-01
0.0002441302909665,2020-11-02
0.0001861783163573,2020-11-03
0.0002758635264572,2020-11-04
0.0001282318711016,2020-11-05
0.0002094202911245,2020-11-06
0.0001027347351996,2020-11-07
5.143202541216149e-05,2020-11-08
0.0001202043666698,2020-11-11
0.0001664808407325,2020-11-13
9.508342212294864e-05,2020-11-15
0.0001986421280383,2020-11-17
9.54724437366414e-05,2020-11-18
0.0002006205227667,2020-11-19
0.0002169285461535,2020-11-20
9.004852078324399e-05,2020-11-26
0.0001930915591701,2020-11-27
0.0001443713416867,2020-11-28
0.0001503538498537,2020-11-29
0.0001805396870781,2020-12-06
0.0001572723212692,2020-12-07
0.0001418540113644,2020-12-09
0.0001486646419122,2020-12-10
0.0001914242323838,2020-12-11
6.506944884799731e-05,2020-12-12
7.986368304291915e-05,2020-12-13
0.0001794430254924,2020-12-14
4.206618034698076e-05,2020-12-15
0.0001240650705014,2020-12-16
0.0002706800959115,2020-12-17
0.0001179972681836,2020-12-18
1.4310953640372574e-05,2020-12-19
0.0001376033780931,2020-12-23
9.404934317921312e-05,2020-12-24
9.016528859675132e-05,2020-12-25
2.9668536463216573e-05,2020-12-29
0.0001792065387402,2020-12-30
7.888080178288302e-05,2021-01-06
0.0001347623713069,2021-01-08
0.0001964068350229,2021-01-14
0.0001465769050945,2021-01-16
5.928450346605004e-05,2021-01-20
0.0001404547186265,2021-01-21
2.52277270855322e-05,2021-01-22
0.0001297917327649,2021-01-23
3.301852395506481e-05,2021-01-24
7.792052018660648e-05,2021-01-25
0.0001774201318291,2021-01-26
0.000129311320802,2021-01-27
0.0002051616977968,2021-01-28
0.0001976527974208,2021-01-31
2.8802538342260916e-05,2021-02-02
0.0001567212170949,2021-02-04
6.114154647497664e-05,2021-02-06
5.661204552062727e-05,2021-02-08
5.154054184526296e-05,2021-02-09
9.328091245495948e-05,2021-02-10
0.0001351820939199,2021-02-11
0.0002320725056621,2021-02-12
0.0001941871246157,2021-02-13
0.000171232437915,2021-02-14
5.815232539392119e-05,2021-02-15
8.762125041058184e-05,2021-02-16
0.0003132958651449,2021-02-17
0.0001907865638185,2021-02-18
0.0001634555603767,2021-02-19
0.0001219539327673,2021-02-20
6.569774251205877e-05,2021-02-21
9.62181237934662e-05,2021-02-22
0.0001367601839945,2021-02-23
0.000124701462699,2021-02-24
0.0001635924611723,2021-02-25
0.0002563780013125,2021-02-26
0.0002282886546883,2021-02-27
0.0002893029112514,2021-02-28
0.0003246568033888,2021-03-01
0.0001221157176498,2021-03-02
0.0001017042831629,2021-03-03
0.0002739085864811,2021-03-04
0.0002631198334199,2021-03-05
8.474967723705426e-05,2021-03-07
0.0002182404709713,2021-03-09
0.000159438161088,2021-03-12
0.0001510044248805,2021-03-13
7.313690496249094e-05,2021-03-14
0.0002337114736703,2021-03-15
0.0002901804801685,2021-03-16
0.0001802543587972,2021-03-17
0.0001064086813898,2021-03-20
0.0001853432176942,2021-03-21
0.0001363442240835,2021-03-22
4.0379571309284346e-05,2021-03-23
0.0001430099603165,2021-03-28
0.0001205307983069,2021-03-29
0.0002068731632234,2021-03-30
0.0001893515706376,2021-03-31
0.0002034316206662,2021-04-01
0.0001596101793268,2021-04-02
0.0001336566688194,2021-04-03
0.0001830241874067,2021-04-04
0.0001891453019686,2021-04-05
0.000148038148612,2021-04-06
0.0001649131928448,2021-04-07
7.593205245412487e-05,2021-04-08
0.0001789399209977,2021-04-09
0.0002018739237835,2021-04-11
0.0001716529126991,2021-04-12
0.0001409653281858,2021-04-14
0.0002608074157716,2021-04-16
8.25087045462112e-05,2021-04-17
0.0002059298134893,2021-04-18
8.974215835403274e-05,2021-04-19
0.0001910206283831,2021-04-20
0.0003441252431707,2021-04-21
0.000157093213609,2021-04-22
0.0002073114505004,2021-04-23
0.0002758011857433,2021-04-24
0.0002262562452362,2021-04-25
0.0001310770553315,2021-04-26
0.0001328184733032,2021-04-27
0.0002470496979985,2021-04-28
0.0002188792065819,2021-04-29
0.0002472153935374,2021-04-30
0.0003467266081917,2021-05-01
0.0001405616789869,2021-05-02
0.0002303213978069,2021-05-03
0.0002543579813507,2021-05-04
0.0001871797064539,2021-05-08
0.0001816227536876,2021-05-09
0.0002170639173914,2021-05-11
0.0002398395165242,2021-05-14
0.0001017033314203,2021-05-17
0.0002567417392957,2021-05-18
6.329552482031874e-05,2021-05-19
0.0001018779365483,2021-05-28
0.0001197340534589,2021-05-30
0.0001536317728374,2021-05-31
3.332387856440572e-05,2021-06-01
0.0001089685213617,2021-06-02
5.5374336504178074e-05,2021-06-06
6.262475729792877e-05,2021-06-09
0.0001553953239109,2021-06-11
4.087384668310946e-06,2021-06-13
1.4333763162876774e-07,2021-06-15
5.637100770172982e-05,2021-06-16
7.654313078766245e-05,2021-06-17
0.0001020556340499,2021-06-18
7.8552027804721e-05,2021-06-19
0.0001620162647236,2021-06-20
0.000119821155281,2021-06-21
0.0001706803445677,2021-06-22
0.0002165901552542,2021-06-23
1.0743421904431873e-05,2021-06-24
0.0001385902640587,2021-06-25
8.567969403115967e-05,2021-06-26
0.0001051096493787,2021-06-27
8.307201593837487e-05,2021-06-28
0.0001028616046871,2021-06-29
0.0001113938443978,2021-07-01
0.0002971168018919,2021-07-02
0.0002004676508506,2021-07-04
7.082350747214141e-05,2021-07-18
4.379048518418782e-05,2021-07-19
2.1198268269448596e-05,2021-07-20
6.246406484128463e-05,2021-07-27
0.0001451626011703,2021-07-28
3.558047937221156e-05,2021-07-29
0.0001142250362038,2021-07-30
6.06709181649663e-05,2021-07-31
8.580303463690267e-05,2021-08-01
0.0001536364105275,2021-08-02
7.941438454882399e-05,2021-08-04
0.0001186930530601,2021-08-05
0.0001114997764877,2021-08-07
0.0001970712674211,2021-08-09
6.644381303171877e-05,2021-08-10
0.0001497786568865,2021-08-11
0.0002735548407923,2021-08-13
2.1732439866352268e-06,2021-08-14
0.0001002886946352,2021-08-17
6.699592216209716e-05,2021-08-19
0.0001140616572093,2021-08-20
6.082174273228398e-05,2021-08-23
0.0001644079715146,2021-08-24
5.044614104756958e-05,2021-08-25
0.0001701613755788,2021-08-28
0.0001359928664936,2021-08-31
2.1790155039086895e-05,2021-09-01
9.200430954508934e-05,2021-09-05
0.0001073605524655,2021-09-07
0.0001052315986807,2021-09-08
2.4109093387312957e-05,2021-09-09
6.255869010135126e-05,2021-09-10
2.9609004081217444e-05,2021-09-11
0.0002142659130753,2021-09-14
4.192603982395089e-05,2021-09-15
6.747125059994637e-05,2021-09-18
0.0001431376768919,2021-09-19
6.085871974295907e-05,2021-09-22
6.371783167467382e-05,2021-09-23
0.0002526266418028,2021-09-24
0.0002583797568252,2021-09-25
5.7897329722097e-05,2021-09-29
0.0002781429567052,2021-10-03
2.434914625642563e-05,2021-10-07
6.643048251109874e-05,2021-10-08
1.888174565538527e-06,2021-10-13
8.262879444070969e-05,2021-10-14
9.905768753233438e-05,2021-10-15
9.774127794106027e-05,2021-10-17
9.494833943257028e-05,2021-10-18
7.109769496792147e-05,2021-10-20
0.0001679939763195,2021-10-22
0.0001145344470374,2021-10-24
0.0001583816023698,2021-10-25
0.0001504362551915,2021-10-26
0.0001907459899149,2021-11-02
6.46201021380951e-05,2021-11-05
0.0001010243999877,2021-11-11
6.943014255583998e-05,2021-11-12
5.703134111778809e-05,2021-11-15
1.1889722493366628e-05,2021-11-18
8.999573058863825e-05,2021-11-20
0.0001181425029856,2021-11-21
0.0001740779071395,2021-11-22
0.0001575829490516,2021-11-26
3.713332873818786e-05,2021-11-27
5.492567907513427e-05,2021-11-28
0.0002122844573374,2021-11-29
0.0002137293055472,2021-11-30
0.0001130428591415,2021-12-01
0.0001942918937841,2021-12-02
8.041212089564072e-05,2021-12-03
0.000208814750413,2021-12-04
0.0001087025159235,2021-12-05
0.000141551465609,2021-12-07
0.0001729344574575,2021-12-08
2.4052432959986395e-05,2021-12-09
0.0001144822296048,2021-12-10
9.06054503434827e-05,2021-12-11
0.0001203508513095,2021-12-12
5.013190764929682e-05,2021-12-16
0.0001434272489355,2021-12-17
2.7877156353472e-05,2021-12-18
5.882090387496192e-05,2021-12-19
0.000185804658472,2021-12-20
0.0001394439393301,2021-12-21
0.000138108216468,2021-12-22
5.384022160780901e-05,2021-12-23
4.820588246563597e-05,2021-12-24
0.0002432459139365,2021-12-25
8.383547673609246e-05,2021-12-26
0.0001138283312892,2021-12-27
0.0001170835727647,2021-12-28
0.000119967915476,2021-12-29
3.255607568038578e-05,2021-12-30
5.609694201000888e-05,2022-01-01
7.252902123004707e-05,2022-01-02
7.602617723189292e-05,2022-01-06
8.763527155632765e-05,2022-01-07
4.674315894190818e-06,2022-01-09
8.178993495614207e-05,2022-01-12
0.0001323969011938,2022-01-13
0.0001673553769411,2022-01-14
0.0002432679130058,2022-01-15
0.0001177059852874,2022-01-16
0.0001403545263616,2022-01-17
0.000115429877967,2022-01-18
0.0003180898930149,2022-01-19
0.0001037899836718,2022-01-20
0.0001973472602996,2022-01-21
0.0001598973227094,2022-01-22
0.0001471866725992,2022-01-23
0.0001702864376235,2022-01-24
0.000233353262449,2022-01-25
0.0001740334380419,2022-01-26
0.000170092709464,2022-01-27
5.843510474181454e-05,2022-01-28
0.0002119200994664,2022-01-30
0.0001729356422572,2022-01-31
0.0001515418794514,2022-02-01
0.0001006724616893,2022-02-02
0.0001702926900565,2022-02-03
0.0002705751979403,2022-02-04
0.0003135562096973,2022-02-05
7.026000214676245e-07,2022-02-06
0.0003750863730153,2022-02-08
0.0003226436722297,2022-02-09
3.752973306505957e-05,2022-02-14
0.0001491204243386,2022-02-15
0.0002985374730507,2022-02-16
0.0001720908261252,2022-02-17
0.0001526285946472,2022-02-20
0.0001860063382679,2022-02-21
0.0002729971555124,2022-02-22
0.0001506384376274,2022-02-25
0.0001773343082515,2022-02-26
0.0001225585738617,2022-02-27
9.222746645305057e-05,2022-02-28
7.64874637139261e-06,2022-03-01
0.0001255862163841,2022-03-03
0.0002015220810313,2022-03-07
0.0001945490677347,2022-03-08
7.765942554097161e-05,2022-03-09
2.717325645002549e-06,2022-03-10
8.082870884598218e-05,2022-03-11
7.402310403540573e-05,2022-03-12
0.0001640826716642,2022-03-13
0.000286040561254,2022-03-14
0.0002424124899921,2022-03-15
0.0001100151232161,2022-03-23
0.0002135522865164,2022-03-24
0.000211596111268,2022-03-25
0.000212454590273,2022-03-26
0.0001751909442477,2022-03-29
0.0001271262957181,2022-03-30
4.028482755409876e-05,2022-03-31
0.0001555607353703,2022-04-01
0.0001468248563135,2022-04-02
5.75746707641403e-05,2022-04-03
0.00018909736681,2022-04-04
4.4828134668447514e-05,2022-04-07
9.664175928929978e-05,2022-04-11
0.0001245798660418,2022-04-14
7.330851975580321e-05,2022-04-15
0.0001604104569706,2022-04-16
0.0001724779144068,2022-04-17
7.416343473556309e-05,2022-04-19
9.970323537751893e-05,2022-04-20
0.0001839836498268,2022-04-21
5.740229231465149e-05,2022-04-23
0.000132440134733,2022-04-24
0.0001856829611857,2022-04-26
7.317965870818295e-06,2022-04-30
4.613643518599587e-05,2022-05-01
0.000196841883911,2022-05-02
6.576488153176167e-05,2022-05-04
0.0001032050992452,2022-05-07
6.514131584835639e-05,2022-05-11
9.227663040856734e-05,2022-05-12
8.45765009111272e-05,2022-05-15
0.0001179253897879,2022-05-16
9.06840983746943e-05,2022-05-19
8.277362499410581e-05,2022-05-21
7.622805120058128e-05,2022-05-22
5.2372454376682526e-05,2022-05-23
0.0001344872857043,2022-05-25
0.00012057863226,2022-05-27
0.0001394698771894,2022-05-28
5.301606251927168e-05,2022-06-02
0.0001226883681782,2022-06-04
8.799621923851804e-05,2022-06-05
9.616338022335284e-05,2022-06-08
0.0001100306975582,2022-06-09
0.0001148527476018,2022-06-10
0.0001117791253302,2022-06-13
8.36570381951425e-05,2022-06-14
0.0001415253063259,2022-06-15
0.0002747045298098,2022-06-17
0.0002058806506949,2022-06-18
1.3637816710685735e-06,2022-06-19
9.124783163989916e-05,2022-06-20
7.66808362862655e-05,2022-06-21
0.0002549608498436,2022-06-23
0.0001452390362876,2022-06-25
6.81565686410149e-05,2022-06-26
2.6526186783001243e-05,2022-06-27
0.000140461417973,2022-06-28
0.0001673894603418,2022-07-01
7.655770544340532e-05,2022-07-02
0.0001115467461292,2022-07-04
7.546477719854953e-05,2022-07-08
6.522155463446499e-05,2022-07-13
4.267070493363853e-05,2022-07-20
8.510380215899425e-05,2022-07-23
0.0002549559141103,2022-07-25
0.0002559684559299,2022-07-26
0.0003407735793849,2022-07-28
0.000362405712806,2022-07-29
0.0002282332903709,2022-07-30
0.0001350322079263,2022-07-31
8.863760797816462e-05,2022-08-05
8.734725928536247e-05,2022-08-09
0.0001268662714329,2022-08-10
0.0001214624664133,2022-08-11
0.0001198322757837,2022-08-12
8.655368946825631e-05,2022-08-13
0.0001182395793657,2022-08-14
0.0002796187500448,2022-08-15
0.0001560743714543,2022-08-16
6.324136986945569e-05,2022-08-17
0.0001949002368734,2022-08-18
7.755908337135215e-05,2022-08-19
0.0001174901255385,2022-08-20
3.078368197449375e-05,2022-08-21
0.0001887367193545,2022-08-22
0.0001124664985328,2022-08-25
4.0539755565656325e-05,2022-08-28
3.260494537034034e-05,2022-09-02
3.667612457703497e-05,2022-09-10
9.397963276251668e-05,2022-09-11
0.000122335286562,2022-09-12
6.313478072130264e-05,2022-09-13
0.0001010234481375,2022-09-14
9.375461282801672e-05,2022-09-15
0.0001483731734581,2022-09-16
0.0001928061300777,2022-09-17
0.0001382894121521,2022-09-18
9.361023836480343e-05,2022-09-21
0.0001161374196912,2022-09-22
5.384075582842576e-05,2022-09-23
5.739785138355872e-05,2022-09-24
0.000132594889016,2022-09-25
8.138404674265855e-05,2022-09-26
6.524249086161932e-05,2022-09-27
0.0001883481301292,2022-09-28
9.577412493416496e-05,2022-09-29
0.0002342165699535,2022-10-04
0.0001615613510146,2022-10-08
0.0001576772686732,2022-10-09
0.0001116941152851,2022-10-10
0.000285128599616,2022-10-11
0.0001344927709322,2022-10-13
0.0002370245136528,2022-10-24
0.0001978334121982,2022-10-27
2.824478830449256e-05,2022-10-28
0.0002199970479397,2022-10-29
0.000353226803431,2022-10-30
0.0001690775359814,2022-10-31
0.0001188818249351,2022-11-04
0.0001954184592761,2022-11-06
0.0002659827508947,2022-11-07
0.0001092308347373,2022-11-08
0.0003417715575369,2022-11-09
0.0001595519270216,2022-11-13
0.0001730702741764,2022-11-15
0.0001423494593441,2022-11-16
0.000131500817718,2022-11-17
5.156847455742129e-05,2022-11-18
0.0002070915700706,2022-11-20
0.0001723186060617,2022-11-21
9.745632326929744e-05,2022-11-22
0.0001460410858257,2022-11-23
4.485935801527789e-05,2022-11-24
0.0001642074817147,2022-11-25
0.0002382500662432,2022-11-26
6.384809502530719e-05,2022-11-27
0.0001217799141959,2022-11-28
0.0001718073087965,2022-11-29
0.0002748535032487,2022-11-30
0.0001585793248131,2022-12-01
0.0001011191293054,2022-12-03
8.908663405863034e-05,2022-12-10
8.563541191381221e-05,2022-12-15
0.0001237540495612,2022-12-16
0.0002040095629138,2022-12-27
0.0001229166146859,2022-12-28
0.0002241502786107,2022-12-29
0.0001236567696369,2022-12-30
1.863130577960209e-06,2023-01-03
3.9874896394960935e-05,2023-01-04
6.79413954753427e-05,2023-01-05
0.0001138953283528,2023-01-06
7.715557073604025e-05,2023-01-09
9.1216822566651e-05,2023-01-10
0.0001142285261986,2023-01-11
0.0003677670290842,2023-01-12
0.0002594298776164,2023-01-13
4.423659464857867e-05,2023-01-14
0.0002269829818059,2023-01-15
7.91011854080909e-05,2023-01-16
4.513834063839434e-05,2023-01-18
0.0001265354531507,2023-01-19
0.0002063128471117,2023-01-20
9.80855126800505e-05,2023-01-25
0.000113414331669,2023-01-28
2.6380548597762864e-05,2023-01-29
0.0001597871309913,2023-02-02
7.781807872419373e-06,2023-02-03
3.626100358706693e-05,2023-02-04
0.0001352945031742,2023-02-05
5.804161224916264e-05,2023-02-07
0.0001500219160879,2023-02-08
0.0001749972570066,2023-02-10
0.0001236044229968,2023-02-12
0.0002053057000246,2023-02-13
6.622802284257438e-05,2023-02-14
0.0002018450363472,2023-02-15
0.0002787444004212,2023-02-16
5.102406424205613e-05,2023-02-17
0.0001480392383951,2023-02-18
0.0001224639433683,2023-02-21
0.0001595782281421,2023-02-22
0.000208105522828,2023-02-23
0.0002119280425394,2023-02-24
0.000162371742795,2023-02-25
0.000103303109518,2023-02-26
0.000103688111212,2023-02-27
0.0001511599984285,2023-03-03
0.0002857459569526,2023-03-06
0.0002330589390866,2023-03-07
0.0002118883439632,2023-03-08
0.0001607719413717,2023-03-09
0.0001785278893838,2023-03-12
0.0001601777687376,2023-03-13
0.0002074075266616,2023-03-14
0.0001419614018816,2023-03-16
0.0002075574339803,2023-03-17
0.0002351638737522,2023-03-18
8.49498926652638e-05,2023-03-19
0.0002112685238818,2023-03-21
0.0002205370645629,2023-03-22
0.0001139961196438,2023-03-23
0.0001588695070844,2023-03-24
9.74430799520712e-05,2023-03-25
6.483913490928073e-05,2023-03-26
0.000226144530301,2023-03-27
0.0002756828418291,2023-03-28
0.000170796619722,2023-03-29
0.0001121387188655,2023-03-30
0.0001280372090796,2023-03-31
0.0001733594000915,2023-04-01
0.0001685491954774,2023-04-02
0.0002003832028529,2023-04-03
0.0001585238152344,2023-04-05
0.0002042748691267,2023-04-06
0.0001955770928105,2023-04-07
6.129663570476935e-05,2023-04-09
0.0001983280086824,2023-04-10
6.472890414948194e-05,2023-04-11
0.0002409745344024,2023-04-12
0.000208691495204,2023-04-13
0.00013564724676,2023-04-14
0.0002295106761143,2023-04-15
0.0001514765840938,2023-04-16
0.000166894978848,2023-04-17
0.000214288945601,2023-04-18
0.0002054213815414,2023-04-19
0.0001607096729239,2023-04-20
0.0001199608873773,2023-04-21
9.954718220019384e-05,2023-04-22
0.0001648707979095,2023-04-23
0.0003177713596736,2023-04-24
8.264816214422815e-05,2023-04-27
0.0001007064503328,2023-04-28
3.3172839563903507e-06,2023-04-30
8.246013588270498e-05,2023-05-01
7.767101453903939e-05,2023-05-02
7.342770590727748e-05,2023-05-03
0.0001803547016781,2023-05-04
0.000256484944909,2023-05-07
8.610916143273325e-05,2023-05-12
0.000182760977993,2023-05-13
0.0002066721427258,2023-05-15
0.00021038011064,2023-05-16
0.0002401808940474,2023-05-17
0.0002141278651573,2023-05-19
0.000257070403915,2023-05-20
0.0001748347829266,2023-05-21
0.0001090507616715,2023-05-22
0.0001688896308712,2023-05-23
0.0001715383521079,2023-05-24
0.0001641938807563,2023-05-25
0.0001410675075327,2023-05-26
4.420866732667342e-05,2023-05-27
0.0001441522931459,2023-05-28
0.0002763665500782,2023-05-29
0.0002138972729437,2023-05-30
0.0002389607907508,2023-05-31
0.0001561549546932,2023-06-01
0.0001432317202669,2023-06-02
0.0001497235396116,2023-06-03
0.0001994751493409,2023-06-04
0.0001718031035743,2023-06-05
0.0002044603512408,2023-06-06
0.000107683445604,2023-06-08
0.0001571415782923,2023-06-09
0.0001658786916666,2023-06-10
0.0001384971731562,2023-06-13
6.750414379930751e-05,2023-06-14
0.0001404792848682,2023-06-15
0.0001057077223041,2023-06-16
0.0003059192673535,2023-06-17
8.507746866499626e-05,2023-06-19
5.9774133092099496e-05,2023-06-20
0.0001505858635263,2023-06-21
0.0001103075244899,2023-06-22
0.0001828967023176,2023-06-23
0.0001104611446673,2023-06-24
7.867748247156103e-05,2023-06-27
8.81561164316522e-05,2023-06-30
9.762926072257393e-05,2023-07-01
9.27692830846241e-05,2023-07-06
0.0001056839278178,2023-07-08
7.880868366422679e-06,2023-07-09
0.0001853658032284,2023-07-12
4.355107291635848e-05,2023-07-13
5.144938011900842e-05,2023-07-14
0.0001622895618417,2023-07-15
6.055596118645164e-05,2023-07-16
6.428397130686811e-05,2023-07-17
0.0001214304055549,2023-07-18
5.399406327956585e-05,2023-07-19
6.297689756750348e-05,2023-07-20
3.6164404726454554e-05,2023-07-21
6.64855784206097e-05,2023-07-22
0.0001075743727802,2023-07-23
7.943533561838486e-05,2023-07-27
3.787490311961887e-05,2023-07-28
0.0001181594257871,2023-07-29
0.0001223910181144,2023-07-30
6.0203801628680936e-05,2023-07-31
0.0002219780207538,2023-08-01
0.0001070126257955,2023-08-02
0.0001214046465826,2023-08-03
4.278010905856218e-05,2023-08-04
0.0001028122392389,2023-08-05
8.690916246868445e-05,2023-08-06
7.198158987058088e-05,2023-08-07
0.0001412334983064,2023-08-08
0.0002070964684805,2023-08-09
7.739144271514538e-05,2023-08-10
0.0001944035697257,2023-08-11
0.0001242780027247,2023-08-12
0.0001531187144755,2023-08-13
7.046456978022708e-05,2023-08-14
0.0001640613086148,2023-08-15
0.000139986233575,2023-08-16
0.0001167914686809,2023-08-17
0.0001011500344954,2023-08-18
0.0002295978243861,2023-08-19
5.744483499874397e-05,2023-08-20
0.0001678276671218,2023-08-21
4.601627485355926e-05,2023-08-22
0.0001038324212046,2023-08-23
0.0001399600861623,2023-08-24
0.0001768361904807,2023-08-25
0.0001739889789018,2023-08-26
0.0001731810436181,2023-08-27
5.9188795805112234e-05,2023-08-28
6.522462488845222e-05,2023-08-29
7.683826559971326e-05,2023-09-02
0.0001518960036008,2023-09-05
0.0001207485862484,2023-09-08
0.0001024644363104,2023-09-09
9.55073008411831e-05,2023-09-15
5.482803873612261e-05,2023-09-21
7.212487239319736e-05,2023-09-24
5.735053179120854e-05,2023-09-25
0.00025027604389,2023-09-26
0.0002052312746947,2023-10-08
9.293737126422276e-05,2023-10-09
0.0001225395802524,2023-10-10
0.0001286907886696,2023-10-12
4.9600630034231904e-05,2023-10-15
0.000133739039661,2023-10-19
2.6614917990416433e-05,2023-10-20
9.153886967005036e-05,2023-10-21
0.0001847110130032,2023-10-22
0.0002052274863644,2023-10-23
0.0001381009396698,2023-10-24
1.0817412703151804e-05,2023-10-25
0.0001101871087765,2023-10-26
0.0001184138852886,2023-10-27
0.0002072710466136,2023-10-28
0.0001090510229058,2023-10-30
0.0001690688367713,2023-10-31
7.68750099476828e-05,2023-11-02
7.957470433237559e-05,2023-11-04
0.0001008857417426,2023-11-05
0.0001299780530466,2023-11-06
0.0001369132296864,2023-11-07
0.0001722618045827,2023-11-08
0.0001213162752644,2023-11-09
0.0001270438858622,2023-11-10
5.8057704243341435e-05,2023-11-11
4.460808653476598e-05,2023-11-15
0.0001136040692279,2023-11-16
0.0003108041202038,2023-11-17
0.0003302600209784,2023-11-18
0.0002690315159333,2023-11-20
2.2205425683477073e-05,2023-11-21
0.0001303612656889,2023-11-22
0.0001031398627724,2023-11-23
0.0002010449295235,2023-11-25
0.0001518851926988,2023-11-27
0.0001608219031605,2023-11-29
0.0001830212967731,2023-12-02
9.338745718124508e-06,2023-12-06
0.0001705992488967,2023-12-07
6.946933656922303e-05,2023-12-09
0.0001589078991493,2023-12-11
0.0001029088393358,2023-12-13
2.4831001007896335e-05,2023-12-17
0.0001988073422387,2023-12-19
0.0001144965921564,2023-12-21
0.0001598431660404,2023-12-22
6.288966953253355e-05,2023-12-23
9.35563866931538e-05,2023-12-25
0.0001524463471914,2023-12-26
7.547085465739816e-05,2023-12-27
0.000157848076281,2023-12-30
